{"timestampedFiles":{"C:\\Users\\Lenovo\\Documents\\workspace-spring-tool-suite-4-4.7.0.RELEASE\\SmartShopAssingment\\src\\main\\java\\com\\ims\\assignment\\MyswaggerConfig.java":1637302644244,"C:\\Users\\Lenovo\\Documents\\workspace-spring-tool-suite-4-4.7.0.RELEASE\\SmartShopAssingment\\src\\main\\java\\com\\ims\\assignment\\SmartShopAssingmentApplication.java":1637297625865,"C:\\Users\\Lenovo\\Documents\\workspace-spring-tool-suite-4-4.7.0.RELEASE\\SmartShopAssingment\\src\\main\\java\\com\\ims\\assignment\\controller\\SmartShopController.java":1637314391796,"C:\\Users\\Lenovo\\Documents\\workspace-spring-tool-suite-4-4.7.0.RELEASE\\SmartShopAssingment\\src\\main\\java\\com\\ims\\assignment\\dao\\ProductRepository.java":1637308680250,"C:\\Users\\Lenovo\\Documents\\workspace-spring-tool-suite-4-4.7.0.RELEASE\\SmartShopAssingment\\src\\main\\java\\com\\ims\\assignment\\exception\\ErrorDetails.java":1637298889590,"C:\\Users\\Lenovo\\Documents\\workspace-spring-tool-suite-4-4.7.0.RELEASE\\SmartShopAssingment\\src\\main\\java\\com\\ims\\assignment\\exception\\GlobalExceptionHandler.java":1637298991666,"C:\\Users\\Lenovo\\Documents\\workspace-spring-tool-suite-4-4.7.0.RELEASE\\SmartShopAssingment\\src\\main\\java\\com\\ims\\assignment\\exception\\ResourceNotFoundException.java":1637298833661,"C:\\Users\\Lenovo\\Documents\\workspace-spring-tool-suite-4-4.7.0.RELEASE\\SmartShopAssingment\\src\\main\\java\\com\\ims\\assignment\\model\\Product.java":1637298533178,"C:\\Users\\Lenovo\\Documents\\workspace-spring-tool-suite-4-4.7.0.RELEASE\\SmartShopAssingment\\src\\main\\java\\com\\ims\\assignment\\security\\SpringSecurityConfig.java":1637302567914,"C:\\Users\\Lenovo\\Documents\\workspace-spring-tool-suite-4-4.7.0.RELEASE\\SmartShopAssingment\\src\\main\\java\\com\\ims\\assignment\\service\\ProductService.java":1637313860363},"symbols":[{"docURI":"file:///C:/Users/Lenovo/Documents/workspace-spring-tool-suite-4-4.7.0.RELEASE/SmartShopAssingment/src/main/java/com/ims/assignment/exception/GlobalExceptionHandler.java","lastModified":1637298991666,"enhancedSymbol":{"symbol":{"name":"@ExceptionHandler(ResourceNotFoundException.class)","kind":"Interface","location":{"uri":"file:///C:/Users/Lenovo/Documents/workspace-spring-tool-suite-4-4.7.0.RELEASE/SmartShopAssingment/src/main/java/com/ims/assignment/exception/GlobalExceptionHandler.java","range":{"start":{"line":14,"character":1},"end":{"line":14,"character":51}}}}}},{"docURI":"file:///C:/Users/Lenovo/Documents/workspace-spring-tool-suite-4-4.7.0.RELEASE/SmartShopAssingment/src/main/java/com/ims/assignment/exception/GlobalExceptionHandler.java","lastModified":1637298991666,"enhancedSymbol":{"symbol":{"name":"@ExceptionHandler(Exception.class)","kind":"Interface","location":{"uri":"file:///C:/Users/Lenovo/Documents/workspace-spring-tool-suite-4-4.7.0.RELEASE/SmartShopAssingment/src/main/java/com/ims/assignment/exception/GlobalExceptionHandler.java","range":{"start":{"line":20,"character":1},"end":{"line":20,"character":35}}}}}},{"docURI":"file:///C:/Users/Lenovo/Documents/workspace-spring-tool-suite-4-4.7.0.RELEASE/SmartShopAssingment/src/main/java/com/ims/assignment/SmartShopAssingmentApplication.java","lastModified":1637297625865,"enhancedSymbol":{"symbol":{"name":"@+ \u0027smartShopAssingmentApplication\u0027 (@SpringBootApplication \u003c: @SpringBootConfiguration, @Configuration, @Component) SmartShopAssingmentApplication","kind":"Interface","location":{"uri":"file:///C:/Users/Lenovo/Documents/workspace-spring-tool-suite-4-4.7.0.RELEASE/SmartShopAssingment/src/main/java/com/ims/assignment/SmartShopAssingmentApplication.java","range":{"start":{"line":5,"character":0},"end":{"line":5,"character":22}}}},"additionalInformation":[{"type":"org.springframework.ide.vscode.boot.java.beans.BeansSymbolAddOnInformation","data":{"beanID":"smartShopAssingmentApplication"}}]}},{"docURI":"file:///C:/Users/Lenovo/Documents/workspace-spring-tool-suite-4-4.7.0.RELEASE/SmartShopAssingment/src/main/java/com/ims/assignment/security/SpringSecurityConfig.java","lastModified":1637302567914,"enhancedSymbol":{"symbol":{"name":"@+ \u0027springSecurityConfig\u0027 (@Configuration \u003c: @Component) SpringSecurityConfig","kind":"Interface","location":{"uri":"file:///C:/Users/Lenovo/Documents/workspace-spring-tool-suite-4-4.7.0.RELEASE/SmartShopAssingment/src/main/java/com/ims/assignment/security/SpringSecurityConfig.java","range":{"start":{"line":7,"character":0},"end":{"line":7,"character":14}}}},"additionalInformation":[{"type":"org.springframework.ide.vscode.boot.java.beans.BeansSymbolAddOnInformation","data":{"beanID":"springSecurityConfig"}}]}},{"docURI":"file:///C:/Users/Lenovo/Documents/workspace-spring-tool-suite-4-4.7.0.RELEASE/SmartShopAssingment/src/main/java/com/ims/assignment/security/SpringSecurityConfig.java","lastModified":1637302567914,"enhancedSymbol":{"symbol":{"name":"@Autowired","kind":"Interface","location":{"uri":"file:///C:/Users/Lenovo/Documents/workspace-spring-tool-suite-4-4.7.0.RELEASE/SmartShopAssingment/src/main/java/com/ims/assignment/security/SpringSecurityConfig.java","range":{"start":{"line":11,"character":4},"end":{"line":11,"character":14}}}}}},{"docURI":"file:///C:/Users/Lenovo/Documents/workspace-spring-tool-suite-4-4.7.0.RELEASE/SmartShopAssingment/src/main/java/com/ims/assignment/MyswaggerConfig.java","lastModified":1637302644244,"enhancedSymbol":{"symbol":{"name":"@+ \u0027postsApi\u0027 (@Bean) Docket","kind":"Interface","location":{"uri":"file:///C:/Users/Lenovo/Documents/workspace-spring-tool-suite-4-4.7.0.RELEASE/SmartShopAssingment/src/main/java/com/ims/assignment/MyswaggerConfig.java","range":{"start":{"line":13,"character":2},"end":{"line":13,"character":7}}}},"additionalInformation":[{"type":"org.springframework.ide.vscode.boot.java.beans.BeansSymbolAddOnInformation","data":{"beanID":"postsApi"}}]}},{"docURI":"file:///C:/Users/Lenovo/Documents/workspace-spring-tool-suite-4-4.7.0.RELEASE/SmartShopAssingment/src/main/java/com/ims/assignment/dao/ProductRepository.java","lastModified":1637308680250,"enhancedSymbol":{"symbol":{"name":"@+ \u0027productRepository\u0027 (Product) Repository\u003cProduct,Long\u003e","kind":"Interface","location":{"uri":"file:///C:/Users/Lenovo/Documents/workspace-spring-tool-suite-4-4.7.0.RELEASE/SmartShopAssingment/src/main/java/com/ims/assignment/dao/ProductRepository.java","range":{"start":{"line":7,"character":17},"end":{"line":7,"character":34}}}},"additionalInformation":[{"type":"org.springframework.ide.vscode.boot.java.beans.BeansSymbolAddOnInformation","data":{"beanID":"productRepository"}}]}},{"docURI":"file:///C:/Users/Lenovo/Documents/workspace-spring-tool-suite-4-4.7.0.RELEASE/SmartShopAssingment/src/main/java/com/ims/assignment/dao/ProductRepository.java","lastModified":1637308680250,"enhancedSymbol":{"symbol":{"name":"@Query(value\u003d\"update Product p SET p.totalPrice\u003d unitPrice*quantity  where p.id\u003d?\")","kind":"Interface","location":{"uri":"file:///C:/Users/Lenovo/Documents/workspace-spring-tool-suite-4-4.7.0.RELEASE/SmartShopAssingment/src/main/java/com/ims/assignment/dao/ProductRepository.java","range":{"start":{"line":10,"character":1},"end":{"line":10,"character":86}}}}}},{"docURI":"file:///C:/Users/Lenovo/Documents/workspace-spring-tool-suite-4-4.7.0.RELEASE/SmartShopAssingment/src/main/java/com/ims/assignment/dao/ProductRepository.java","lastModified":1637308680250,"enhancedSymbol":{"symbol":{"name":"@Query(\"select p from Product p where p.name\u003d:name\")","kind":"Interface","location":{"uri":"file:///C:/Users/Lenovo/Documents/workspace-spring-tool-suite-4-4.7.0.RELEASE/SmartShopAssingment/src/main/java/com/ims/assignment/dao/ProductRepository.java","range":{"start":{"line":14,"character":1},"end":{"line":14,"character":53}}}}}},{"docURI":"file:///C:/Users/Lenovo/Documents/workspace-spring-tool-suite-4-4.7.0.RELEASE/SmartShopAssingment/src/main/java/com/ims/assignment/dao/ProductRepository.java","lastModified":1637308680250,"enhancedSymbol":{"symbol":{"name":"@Query(\"select p from Product p where p.category\u003d:category\")","kind":"Interface","location":{"uri":"file:///C:/Users/Lenovo/Documents/workspace-spring-tool-suite-4-4.7.0.RELEASE/SmartShopAssingment/src/main/java/com/ims/assignment/dao/ProductRepository.java","range":{"start":{"line":18,"character":1},"end":{"line":18,"character":61}}}}}},{"docURI":"file:///C:/Users/Lenovo/Documents/workspace-spring-tool-suite-4-4.7.0.RELEASE/SmartShopAssingment/src/main/java/com/ims/assignment/service/ProductService.java","lastModified":1637313860363,"enhancedSymbol":{"symbol":{"name":"@+ \u0027productService\u0027 (@Service \u003c: @Component) ProductService","kind":"Interface","location":{"uri":"file:///C:/Users/Lenovo/Documents/workspace-spring-tool-suite-4-4.7.0.RELEASE/SmartShopAssingment/src/main/java/com/ims/assignment/service/ProductService.java","range":{"start":{"line":14,"character":0},"end":{"line":14,"character":8}}}},"additionalInformation":[{"type":"org.springframework.ide.vscode.boot.java.beans.BeansSymbolAddOnInformation","data":{"beanID":"productService"}}]}},{"docURI":"file:///C:/Users/Lenovo/Documents/workspace-spring-tool-suite-4-4.7.0.RELEASE/SmartShopAssingment/src/main/java/com/ims/assignment/controller/SmartShopController.java","lastModified":1637314391796,"enhancedSymbol":{"symbol":{"name":"@+ \u0027smartShopController\u0027 (@RestController \u003c: @Controller, @Component) SmartShopController","kind":"Interface","location":{"uri":"file:///C:/Users/Lenovo/Documents/workspace-spring-tool-suite-4-4.7.0.RELEASE/SmartShopAssingment/src/main/java/com/ims/assignment/controller/SmartShopController.java","range":{"start":{"line":17,"character":0},"end":{"line":17,"character":15}}}},"additionalInformation":[{"type":"org.springframework.ide.vscode.boot.java.beans.BeansSymbolAddOnInformation","data":{"beanID":"smartShopController"}}]}},{"docURI":"file:///C:/Users/Lenovo/Documents/workspace-spring-tool-suite-4-4.7.0.RELEASE/SmartShopAssingment/src/main/java/com/ims/assignment/controller/SmartShopController.java","lastModified":1637314391796,"enhancedSymbol":{"symbol":{"name":"@/getAllProducts -- GET","kind":"Interface","location":{"uri":"file:///C:/Users/Lenovo/Documents/workspace-spring-tool-suite-4-4.7.0.RELEASE/SmartShopAssingment/src/main/java/com/ims/assignment/controller/SmartShopController.java","range":{"start":{"line":23,"character":1},"end":{"line":23,"character":31}}}}}},{"docURI":"file:///C:/Users/Lenovo/Documents/workspace-spring-tool-suite-4-4.7.0.RELEASE/SmartShopAssingment/src/main/java/com/ims/assignment/controller/SmartShopController.java","lastModified":1637314391796,"enhancedSymbol":{"symbol":{"name":"@/product -- POST","kind":"Interface","location":{"uri":"file:///C:/Users/Lenovo/Documents/workspace-spring-tool-suite-4-4.7.0.RELEASE/SmartShopAssingment/src/main/java/com/ims/assignment/controller/SmartShopController.java","range":{"start":{"line":30,"character":1},"end":{"line":30,"character":25}}}}}},{"docURI":"file:///C:/Users/Lenovo/Documents/workspace-spring-tool-suite-4-4.7.0.RELEASE/SmartShopAssingment/src/main/java/com/ims/assignment/controller/SmartShopController.java","lastModified":1637314391796,"enhancedSymbol":{"symbol":{"name":"@RequestBody","kind":"Interface","location":{"uri":"file:///C:/Users/Lenovo/Documents/workspace-spring-tool-suite-4-4.7.0.RELEASE/SmartShopAssingment/src/main/java/com/ims/assignment/controller/SmartShopController.java","range":{"start":{"line":31,"character":30},"end":{"line":31,"character":42}}}}}},{"docURI":"file:///C:/Users/Lenovo/Documents/workspace-spring-tool-suite-4-4.7.0.RELEASE/SmartShopAssingment/src/main/java/com/ims/assignment/controller/SmartShopController.java","lastModified":1637314391796,"enhancedSymbol":{"symbol":{"name":"@/getProductByName/{name} -- GET","kind":"Interface","location":{"uri":"file:///C:/Users/Lenovo/Documents/workspace-spring-tool-suite-4-4.7.0.RELEASE/SmartShopAssingment/src/main/java/com/ims/assignment/controller/SmartShopController.java","range":{"start":{"line":39,"character":1},"end":{"line":39,"character":40}}}}}},{"docURI":"file:///C:/Users/Lenovo/Documents/workspace-spring-tool-suite-4-4.7.0.RELEASE/SmartShopAssingment/src/main/java/com/ims/assignment/controller/SmartShopController.java","lastModified":1637314391796,"enhancedSymbol":{"symbol":{"name":"@PathVariable(value\u003d\"name\")","kind":"Interface","location":{"uri":"file:///C:/Users/Lenovo/Documents/workspace-spring-tool-suite-4-4.7.0.RELEASE/SmartShopAssingment/src/main/java/com/ims/assignment/controller/SmartShopController.java","range":{"start":{"line":40,"character":34},"end":{"line":40,"character":63}}}}}},{"docURI":"file:///C:/Users/Lenovo/Documents/workspace-spring-tool-suite-4-4.7.0.RELEASE/SmartShopAssingment/src/main/java/com/ims/assignment/controller/SmartShopController.java","lastModified":1637314391796,"enhancedSymbol":{"symbol":{"name":"@/getProductByCategory/{category} -- GET","kind":"Interface","location":{"uri":"file:///C:/Users/Lenovo/Documents/workspace-spring-tool-suite-4-4.7.0.RELEASE/SmartShopAssingment/src/main/java/com/ims/assignment/controller/SmartShopController.java","range":{"start":{"line":49,"character":1},"end":{"line":49,"character":48}}}}}},{"docURI":"file:///C:/Users/Lenovo/Documents/workspace-spring-tool-suite-4-4.7.0.RELEASE/SmartShopAssingment/src/main/java/com/ims/assignment/controller/SmartShopController.java","lastModified":1637314391796,"enhancedSymbol":{"symbol":{"name":"@PathVariable","kind":"Interface","location":{"uri":"file:///C:/Users/Lenovo/Documents/workspace-spring-tool-suite-4-4.7.0.RELEASE/SmartShopAssingment/src/main/java/com/ims/assignment/controller/SmartShopController.java","range":{"start":{"line":50,"character":37},"end":{"line":50,"character":50}}}}}},{"docURI":"file:///C:/Users/Lenovo/Documents/workspace-spring-tool-suite-4-4.7.0.RELEASE/SmartShopAssingment/src/main/java/com/ims/assignment/controller/SmartShopController.java","lastModified":1637314391796,"enhancedSymbol":{"symbol":{"name":"@/updateproduct/{productId} -- PUT","kind":"Interface","location":{"uri":"file:///C:/Users/Lenovo/Documents/workspace-spring-tool-suite-4-4.7.0.RELEASE/SmartShopAssingment/src/main/java/com/ims/assignment/controller/SmartShopController.java","range":{"start":{"line":57,"character":1},"end":{"line":57,"character":42}}}}}},{"docURI":"file:///C:/Users/Lenovo/Documents/workspace-spring-tool-suite-4-4.7.0.RELEASE/SmartShopAssingment/src/main/java/com/ims/assignment/controller/SmartShopController.java","lastModified":1637314391796,"enhancedSymbol":{"symbol":{"name":"@PathVariable(value\u003d\"productId\")","kind":"Interface","location":{"uri":"file:///C:/Users/Lenovo/Documents/workspace-spring-tool-suite-4-4.7.0.RELEASE/SmartShopAssingment/src/main/java/com/ims/assignment/controller/SmartShopController.java","range":{"start":{"line":58,"character":34},"end":{"line":58,"character":66}}}}}},{"docURI":"file:///C:/Users/Lenovo/Documents/workspace-spring-tool-suite-4-4.7.0.RELEASE/SmartShopAssingment/src/main/java/com/ims/assignment/controller/SmartShopController.java","lastModified":1637314391796,"enhancedSymbol":{"symbol":{"name":"@/deleteproduct -- DELETE","kind":"Interface","location":{"uri":"file:///C:/Users/Lenovo/Documents/workspace-spring-tool-suite-4-4.7.0.RELEASE/SmartShopAssingment/src/main/java/com/ims/assignment/controller/SmartShopController.java","range":{"start":{"line":64,"character":1},"end":{"line":64,"character":33}}}}}}],"dependencies":{}}